Timestamp,Symbol,Price,Volume,Source
2025-03-24 14:46:24.651000,BTCUSDT,88112.51,0.00168,binance
2025-03-24 14:46:24.814000,BTCUSDT,88112.51,0.0002,binance
2025-03-24 14:46:25.052000,BTCUSDT,88112.5,0.01,binance
2025-03-24 14:46:25.350000,BTCUSDT,88112.51,0.00031,binance
2025-03-24 14:46:25.452000,BTCUSDT,88112.5,0.00861,binance
2025-03-24 14:46:26.378000,BTCUSDT,88112.5,0.00042,binance
2025-03-24 14:46:26.390000,BTCUSDT,88112.5,0.62089,binance
2025-03-24 14:46:26.390000,BTCUSDT,88112.5,7e-05,binance
2025-03-24 14:46:26.390000,BTCUSDT,88112.5,0.00105,binance
2025-03-24 14:46:26.390000,BTCUSDT,88112.5,0.00021,binance
2025-03-24 14:46:26.390000,BTCUSDT,88112.5,7e-05,binance
2025-03-24 14:46:26.390000,BTCUSDT,88112.5,0.00504,binance
2025-03-24 14:46:26.390000,BTCUSDT,88112.5,0.10472,binance
2025-03-24 14:46:26.390000,BTCUSDT,88112.5,0.00014,binance
2025-03-24 14:46:26.390000,BTCUSDT,88112.5,0.00027,binance
2025-03-24 14:46:26.390000,BTCUSDT,88112.5,7e-05,binance
2025-03-24 14:46:26.390000,BTCUSDT,88112.5,7e-05,binance
2025-03-24 14:46:26.390000,BTCUSDT,88112.5,7e-05,binance
2025-03-24 14:46:26.390000,BTCUSDT,88112.5,0.0001,binance
2025-03-24 14:46:26.390000,BTCUSDT,88112.5,7e-05,binance
2025-03-24 14:46:26.390000,BTCUSDT,88112.5,7e-05,binance
2025-03-24 14:46:26.390000,BTCUSDT,88112.5,7e-05,binance
2025-03-24 14:46:26.390000,BTCUSDT,88112.5,7e-05,binance
2025-03-24 14:46:26.390000,BTCUSDT,88112.5,0.11,binance
2025-03-24 14:46:26.390000,BTCUSDT,88112.5,0.0001,binance
2025-03-24 14:46:26.390000,BTCUSDT,88112.5,0.0001,binance
2025-03-24 14:46:26.390000,BTCUSDT,88112.5,0.0001,binance
2025-03-24 14:46:26.390000,BTCUSDT,88112.5,7e-05,binance
2025-03-24 14:46:26.390000,BTCUSDT,88112.5,0.0001,binance
2025-03-24 14:46:26.390000,BTCUSDT,88112.5,0.0001,binance
2025-03-24 14:46:26.390000,BTCUSDT,88112.5,0.0001,binance
2025-03-24 14:46:26.390000,BTCUSDT,88112.5,7e-05,binance
2025-03-24 14:46:26.390000,BTCUSDT,88112.5,0.00092,binance
2025-03-24 14:46:26.390000,BTCUSDT,88112.5,0.0001,binance
2025-03-24 14:46:26.390000,BTCUSDT,88112.5,7e-05,binance
2025-03-24 14:46:26.390000,BTCUSDT,88112.5,7e-05,binance
2025-03-24 14:46:26.390000,BTCUSDT,88112.5,7e-05,binance
2025-03-24 14:46:26.390000,BTCUSDT,88112.5,7e-05,binance
2025-03-24 14:46:26.390000,BTCUSDT,88112.5,0.0001,binance
2025-03-24 14:46:26.390000,BTCUSDT,88112.5,7e-05,binance
2025-03-24 14:46:26.390000,BTCUSDT,88112.49,7e-05,binance
2025-03-24 14:46:26.390000,BTCUSDT,88112.49,0.00014,binance
2025-03-24 14:46:26.390000,BTCUSDT,88112.49,0.00014,binance
2025-03-24 14:46:26.390000,BTCUSDT,88112.49,0.00013,binance
2025-03-24 14:46:26.390000,BTCUSDT,88112.47,7e-05,binance
2025-03-24 14:46:26.390000,BTCUSDT,88112.46,7e-05,binance
2025-03-24 14:46:26.390000,BTCUSDT,88112.35,7e-05,binance
2025-03-24 14:46:26.390000,BTCUSDT,88112.34,7e-05,binance
2025-03-24 14:46:26.390000,BTCUSDT,88112.33,7e-05,binance
2025-03-24 14:46:26.390000,BTCUSDT,88112.26,7e-05,binance
2025-03-24 14:46:26.390000,BTCUSDT,88112.25,0.00252,binance
2025-03-24 14:46:26.390000,BTCUSDT,88112.21,0.00253,binance
2025-03-24 14:46:26.390000,BTCUSDT,88112.09,9e-05,binance
2025-03-24 14:46:26.390000,BTCUSDT,88112.0,0.0001,binance
2025-03-24 14:46:26.390000,BTCUSDT,88112.0,0.0001,binance
2025-03-24 14:46:26.390000,BTCUSDT,88112.0,0.00015,binance
2025-03-24 14:46:26.390000,BTCUSDT,88112.0,0.004,binance
2025-03-24 14:46:26.393000,BTCUSDT,88110.72,0.00023,binance
2025-03-24 14:46:26.393000,BTCUSDT,88110.54,0.00076,binance
2025-03-24 14:46:26.393000,BTCUSDT,88110.44,6e-05,binance
2025-03-24 14:46:26.393000,BTCUSDT,88110.44,6e-05,binance
2025-03-24 14:46:26.393000,BTCUSDT,88109.87,0.00018,binance
2025-03-24 14:46:26.393000,BTCUSDT,88109.87,0.00013,binance
2025-03-24 14:46:26.393000,BTCUSDT,88109.68,6e-05,binance
2025-03-24 14:46:26.393000,BTCUSDT,88109.68,6e-05,binance
2025-03-24 14:46:26.393000,BTCUSDT,88109.68,6e-05,binance
2025-03-24 14:46:26.393000,BTCUSDT,88109.67,0.03114,binance
2025-03-24 14:46:26.393000,BTCUSDT,88109.67,7e-05,binance
2025-03-24 14:46:26.393000,BTCUSDT,88109.6,0.003,binance
2025-03-24 14:46:26.393000,BTCUSDT,88109.58,0.00017,binance
2025-03-24 14:46:26.393000,BTCUSDT,88109.58,0.00017,binance
2025-03-24 14:46:26.393000,BTCUSDT,88108.96,0.0001,binance
2025-03-24 14:46:26.393000,BTCUSDT,88108.7,0.00019,binance
2025-03-24 14:46:26.393000,BTCUSDT,88108.18,0.00244,binance
2025-03-24 14:46:26.393000,BTCUSDT,88108.1,6e-05,binance
2025-03-24 14:46:26.393000,BTCUSDT,88108.1,6e-05,binance
2025-03-24 14:46:26.393000,BTCUSDT,88108.1,6e-05,binance
2025-03-24 14:46:26.393000,BTCUSDT,88108.09,0.02048,binance
2025-03-24 14:46:26.393000,BTCUSDT,88108.09,7e-05,binance
2025-03-24 14:46:26.393000,BTCUSDT,88108.03,0.00013,binance
2025-03-24 14:46:26.393000,BTCUSDT,88108.02,7e-05,binance
2025-03-24 14:46:26.393000,BTCUSDT,88108.01,0.0005,binance
2025-03-24 14:46:26.393000,BTCUSDT,88108.0,0.002,binance
2025-03-24 14:46:26.393000,BTCUSDT,88108.0,0.0001,binance
2025-03-24 14:46:26.393000,BTCUSDT,88108.0,0.0001,binance
2025-03-24 14:46:26.393000,BTCUSDT,88108.0,0.00015,binance
2025-03-24 14:46:26.395000,BTCUSDT,88106.88,6e-05,binance
2025-03-24 14:46:26.395000,BTCUSDT,88106.88,6e-05,binance
2025-03-24 14:46:26.433000,BTCUSDT,88106.46,0.00023,binance
2025-03-24 14:46:26.437000,BTCUSDT,88106.46,0.00023,binance
2025-03-24 14:46:26.474000,BTCUSDT,88106.46,0.00046,binance
2025-03-24 14:46:26.475000,BTCUSDT,88106.46,0.00015,binance
2025-03-24 14:46:26.476000,BTCUSDT,88106.46,0.00015,binance
2025-03-24 14:46:26.494000,BTCUSDT,88106.45,7e-05,binance
2025-03-24 14:46:26.494000,BTCUSDT,88106.45,7e-05,binance
2025-03-24 14:46:26.494000,BTCUSDT,88106.45,7e-05,binance
2025-03-24 14:46:26.494000,BTCUSDT,88106.45,7e-05,binance
2025-03-24 14:46:26.494000,BTCUSDT,88106.45,0.00252,binance
2025-03-24 14:46:26.494000,BTCUSDT,88106.45,6e-05,binance
2025-03-24 14:46:26.494000,BTCUSDT,88106.45,6e-05,binance
2025-03-24 14:46:26.494000,BTCUSDT,88106.45,7e-05,binance
2025-03-24 14:46:26.494000,BTCUSDT,88106.45,0.0001,binance
2025-03-24 14:46:26.494000,BTCUSDT,88106.45,0.0001,binance
2025-03-24 14:46:26.494000,BTCUSDT,88106.45,7e-05,binance
2025-03-24 14:46:26.494000,BTCUSDT,88106.45,6e-05,binance
2025-03-24 14:46:26.494000,BTCUSDT,88106.45,6e-05,binance
2025-03-24 14:46:26.494000,BTCUSDT,88106.45,6e-05,binance
2025-03-24 14:46:26.494000,BTCUSDT,88106.45,6e-05,binance
2025-03-24 14:46:26.494000,BTCUSDT,88106.44,0.00031,binance
2025-03-24 14:46:26.494000,BTCUSDT,88106.44,7e-05,binance
2025-03-24 14:46:26.494000,BTCUSDT,88106.11,6e-05,binance
2025-03-24 14:46:26.494000,BTCUSDT,88106.11,6e-05,binance
2025-03-24 14:46:26.494000,BTCUSDT,88106.11,6e-05,binance
2025-03-24 14:46:26.494000,BTCUSDT,88106.1,6e-05,binance
2025-03-24 14:46:26.494000,BTCUSDT,88106.1,7e-05,binance
2025-03-24 14:46:26.494000,BTCUSDT,88106.1,6e-05,binance
2025-03-24 14:46:26.494000,BTCUSDT,88105.51,0.00022,binance
2025-03-24 14:46:26.494000,BTCUSDT,88105.51,0.0002,binance
2025-03-24 14:46:26.494000,BTCUSDT,88105.51,0.0002,binance
2025-03-24 14:46:26.494000,BTCUSDT,88105.51,0.00026,binance
2025-03-24 14:46:26.494000,BTCUSDT,88105.51,0.00029,binance
2025-03-24 14:46:26.494000,BTCUSDT,88105.51,7e-05,binance
2025-03-24 14:46:26.494000,BTCUSDT,88105.5,7e-05,binance
2025-03-24 14:46:26.494000,BTCUSDT,88104.61,7e-05,binance
2025-03-24 14:46:26.494000,BTCUSDT,88104.12,6e-05,binance
2025-03-24 14:46:26.494000,BTCUSDT,88104.12,6e-05,binance
2025-03-24 14:46:26.494000,BTCUSDT,88104.12,7e-05,binance
2025-03-24 14:46:26.494000,BTCUSDT,88104.12,6e-05,binance
2025-03-24 14:46:26.494000,BTCUSDT,88104.11,7e-05,binance
2025-03-24 14:46:26.494000,BTCUSDT,88104.11,7e-05,binance
2025-03-24 14:46:26.494000,BTCUSDT,88104.11,0.00299,binance
2025-03-24 14:46:26.537000,BTCUSDT,88104.12,0.00011,binance
2025-03-24 14:46:26.812000,BTCUSDT,88104.12,0.04,binance
2025-03-24 14:46:26.815000,BTCUSDT,88104.12,0.08496,binance
2025-03-24 14:46:26.815000,BTCUSDT,88104.12,0.02941,binance
2025-03-24 14:46:26.822000,BTCUSDT,88104.12,0.0001,binance
2025-03-24 14:46:26.822000,BTCUSDT,88104.12,0.0001,binance
2025-03-24 14:46:26.822000,BTCUSDT,88104.12,0.0001,binance
2025-03-24 14:46:26.822000,BTCUSDT,88104.12,0.00179,binance
2025-03-24 14:46:26.822000,BTCUSDT,88104.12,0.0001,binance
2025-03-24 14:46:26.822000,BTCUSDT,88104.12,0.0001,binance
2025-03-24 14:46:26.822000,BTCUSDT,88104.12,7e-05,binance
2025-03-24 14:46:26.822000,BTCUSDT,88104.12,7e-05,binance
2025-03-24 14:46:26.822000,BTCUSDT,88104.12,7e-05,binance
2025-03-24 14:46:26.822000,BTCUSDT,88104.12,7e-05,binance
2025-03-24 14:46:26.822000,BTCUSDT,88104.12,7e-05,binance
2025-03-24 14:46:26.822000,BTCUSDT,88104.12,7e-05,binance
2025-03-24 14:46:26.822000,BTCUSDT,88104.12,0.0001,binance
2025-03-24 14:46:26.822000,BTCUSDT,88104.12,7e-05,binance
2025-03-24 14:46:26.822000,BTCUSDT,88104.12,0.00014,binance
2025-03-24 14:46:26.822000,BTCUSDT,88104.12,0.00092,binance
2025-03-24 14:46:26.822000,BTCUSDT,88104.12,7e-05,binance
2025-03-24 14:46:26.822000,BTCUSDT,88104.12,7e-05,binance
2025-03-24 14:46:26.822000,BTCUSDT,88104.12,0.07492,binance
2025-03-24 14:46:26.845000,BTCUSDT,88104.12,7e-05,binance
2025-03-24 14:46:26.845000,BTCUSDT,88104.12,0.0001,binance
2025-03-24 14:46:26.845000,BTCUSDT,88104.12,7e-05,binance
2025-03-24 14:46:26.845000,BTCUSDT,88104.12,0.0001,binance
2025-03-24 14:46:26.845000,BTCUSDT,88104.12,0.0001,binance
2025-03-24 14:46:26.845000,BTCUSDT,88104.12,0.0001,binance
2025-03-24 14:46:26.845000,BTCUSDT,88104.12,7e-05,binance
2025-03-24 14:46:26.845000,BTCUSDT,88104.12,7e-05,binance
2025-03-24 14:46:26.845000,BTCUSDT,88104.12,7e-05,binance
2025-03-24 14:46:26.845000,BTCUSDT,88104.12,7e-05,binance
2025-03-24 14:46:26.845000,BTCUSDT,88104.12,7e-05,binance
2025-03-24 14:46:26.845000,BTCUSDT,88104.12,7e-05,binance
2025-03-24 14:46:26.845000,BTCUSDT,88104.12,7e-05,binance
2025-03-24 14:46:26.845000,BTCUSDT,88104.12,6e-05,binance
2025-03-24 14:46:26.845000,BTCUSDT,88104.12,7e-05,binance
2025-03-24 14:46:26.845000,BTCUSDT,88104.12,6e-05,binance
2025-03-24 14:46:26.846000,BTCUSDT,88104.13,0.00014,binance
2025-03-24 14:46:26.846000,BTCUSDT,88104.13,0.00013,binance
2025-03-24 14:46:26.846000,BTCUSDT,88104.13,7e-05,binance
2025-03-24 14:46:26.846000,BTCUSDT,88104.13,0.00014,binance
2025-03-24 14:46:26.846000,BTCUSDT,88104.16,7e-05,binance
2025-03-24 14:46:26.846000,BTCUSDT,88104.17,7e-05,binance
2025-03-24 14:46:26.846000,BTCUSDT,88104.5,6e-05,binance
2025-03-24 14:46:26.846000,BTCUSDT,88104.5,7e-05,binance
2025-03-24 14:46:26.846000,BTCUSDT,88105.13,7e-05,binance
2025-03-24 14:46:26.846000,BTCUSDT,88105.14,7e-05,binance
2025-03-24 14:46:26.846000,BTCUSDT,88105.16,7e-05,binance
2025-03-24 14:46:26.851000,BTCUSDT,88105.17,0.02,binance
2025-03-24 14:46:26.881000,BTCUSDT,88105.17,7e-05,binance
2025-03-24 14:46:26.881000,BTCUSDT,88105.17,6e-05,binance
2025-03-24 14:46:26.881000,BTCUSDT,88105.17,0.0001,binance
2025-03-24 14:46:26.881000,BTCUSDT,88105.17,0.0001,binance
2025-03-24 14:46:26.881000,BTCUSDT,88105.17,7e-05,binance
2025-03-24 14:46:26.881000,BTCUSDT,88105.17,7e-05,binance
2025-03-24 14:46:26.881000,BTCUSDT,88105.17,7e-05,binance
2025-03-24 14:46:26.881000,BTCUSDT,88105.17,7e-05,binance
2025-03-24 14:46:26.881000,BTCUSDT,88105.17,7e-05,binance
2025-03-24 14:46:26.881000,BTCUSDT,88105.17,7e-05,binance
2025-03-24 14:46:26.881000,BTCUSDT,88105.17,7e-05,binance
2025-03-24 14:46:26.881000,BTCUSDT,88105.17,7e-05,binance
2025-03-24 14:46:26.881000,BTCUSDT,88105.17,7e-05,binance
2025-03-24 14:46:26.881000,BTCUSDT,88105.17,6e-05,binance
2025-03-24 14:46:26.881000,BTCUSDT,88105.38,6e-05,binance
2025-03-24 14:46:26.881000,BTCUSDT,88105.38,7e-05,binance
2025-03-24 14:46:26.905000,BTCUSDT,88106.27,7e-05,binance
2025-03-24 14:46:26.905000,BTCUSDT,88106.27,6e-05,binance
2025-03-24 14:46:26.905000,BTCUSDT,88106.27,0.0001,binance
2025-03-24 14:46:26.905000,BTCUSDT,88106.27,0.0001,binance
2025-03-24 14:46:26.905000,BTCUSDT,88106.27,7e-05,binance
2025-03-24 14:46:26.905000,BTCUSDT,88106.27,7e-05,binance
2025-03-24 14:46:26.905000,BTCUSDT,88106.27,7e-05,binance
2025-03-24 14:46:26.905000,BTCUSDT,88106.27,7e-05,binance
2025-03-24 14:46:26.905000,BTCUSDT,88106.27,6e-05,binance
2025-03-24 14:46:26.905000,BTCUSDT,88106.27,6e-05,binance
2025-03-24 14:46:26.905000,BTCUSDT,88106.27,6e-05,binance
2025-03-24 14:46:26.905000,BTCUSDT,88106.27,7e-05,binance
2025-03-24 14:46:26.905000,BTCUSDT,88106.27,6e-05,binance
2025-03-24 14:46:26.905000,BTCUSDT,88106.27,6e-05,binance
2025-03-24 14:46:26.905000,BTCUSDT,88106.27,6e-05,binance
2025-03-24 14:46:26.905000,BTCUSDT,88106.27,6e-05,binance
2025-03-24 14:46:26.905000,BTCUSDT,88106.27,6e-05,binance
2025-03-24 14:46:26.905000,BTCUSDT,88106.27,6e-05,binance
2025-03-24 14:46:26.905000,BTCUSDT,88106.27,6e-05,binance
2025-03-24 14:46:26.905000,BTCUSDT,88106.27,6e-05,binance
2025-03-24 14:46:26.905000,BTCUSDT,88106.27,6e-05,binance
2025-03-24 14:46:26.905000,BTCUSDT,88106.27,6e-05,binance
2025-03-24 14:46:26.905000,BTCUSDT,88106.27,6e-05,binance
2025-03-24 14:46:26.905000,BTCUSDT,88106.27,6e-05,binance
2025-03-24 14:46:26.905000,BTCUSDT,88106.27,6e-05,binance
2025-03-24 14:46:26.905000,BTCUSDT,88106.27,6e-05,binance
2025-03-24 14:46:26.905000,BTCUSDT,88106.27,6e-05,binance
2025-03-24 14:46:26.905000,BTCUSDT,88106.27,6e-05,binance
2025-03-24 14:46:26.905000,BTCUSDT,88106.27,6e-05,binance
2025-03-24 14:46:26.905000,BTCUSDT,88106.27,6e-05,binance
2025-03-24 14:46:26.905000,BTCUSDT,88106.45,6e-05,binance
2025-03-24 14:46:26.905000,BTCUSDT,88106.45,6e-05,binance
2025-03-24 14:46:26.905000,BTCUSDT,88106.45,7e-05,binance
2025-03-24 14:46:26.905000,BTCUSDT,88106.45,6e-05,binance
2025-03-24 14:46:26.905000,BTCUSDT,88106.46,0.00672,binance
2025-03-24 14:46:26.914000,BTCUSDT,88106.46,0.01388,binance
2025-03-24 14:46:26.923000,BTCUSDT,88106.46,0.00079,binance
2025-03-24 14:46:26.945000,BTCUSDT,88106.46,0.00034,binance
2025-03-24 14:46:26.975000,BTCUSDT,88106.46,0.00139,binance
2025-03-24 14:46:26.975000,BTCUSDT,88106.46,7e-05,binance
2025-03-24 14:46:26.975000,BTCUSDT,88106.46,7e-05,binance
2025-03-24 14:46:26.975000,BTCUSDT,88106.46,0.0001,binance
2025-03-24 14:46:26.975000,BTCUSDT,88106.46,7e-05,binance
2025-03-24 14:46:26.975000,BTCUSDT,88106.46,7e-05,binance
2025-03-24 14:46:26.975000,BTCUSDT,88106.46,7e-05,binance
2025-03-24 14:46:26.975000,BTCUSDT,88106.46,7e-05,binance
2025-03-24 14:46:26.975000,BTCUSDT,88106.46,0.00429,binance
2025-03-24 14:46:26.994000,BTCUSDT,88106.46,0.035,binance
2025-03-24 14:46:27.007000,BTCUSDT,88106.46,0.00502,binance
2025-03-24 14:46:27.007000,BTCUSDT,88106.46,0.0001,binance
2025-03-24 14:46:27.007000,BTCUSDT,88106.46,0.00068,binance
2025-03-24 14:46:27.042000,BTCUSDT,88106.46,0.00599,binance
2025-03-24 14:46:27.047000,BTCUSDT,88106.46,0.00299,binance
2025-03-24 14:46:27.076000,BTCUSDT,88106.46,0.01338,binance
2025-03-24 14:46:27.100000,BTCUSDT,88106.46,0.0001,binance
2025-03-24 14:46:27.100000,BTCUSDT,88106.46,0.0001,binance
2025-03-24 14:46:27.100000,BTCUSDT,88106.46,7e-05,binance
2025-03-24 14:46:27.100000,BTCUSDT,88106.46,0.00013,binance
2025-03-24 14:46:27.100000,BTCUSDT,88106.46,7e-05,binance
2025-03-24 14:46:27.100000,BTCUSDT,88106.46,7e-05,binance
2025-03-24 14:46:27.100000,BTCUSDT,88106.46,7e-05,binance
2025-03-24 14:46:27.100000,BTCUSDT,88106.46,7e-05,binance
2025-03-24 14:46:27.100000,BTCUSDT,88106.46,7e-05,binance
2025-03-24 14:46:27.100000,BTCUSDT,88106.46,7e-05,binance
2025-03-24 14:46:27.100000,BTCUSDT,88106.46,7e-05,binance
2025-03-24 14:46:27.100000,BTCUSDT,88106.46,0.0001,binance
2025-03-24 14:46:27.100000,BTCUSDT,88106.46,7e-05,binance
2025-03-24 14:46:27.100000,BTCUSDT,88106.46,6e-05,binance
2025-03-24 14:46:27.100000,BTCUSDT,88106.46,7e-05,binance
2025-03-24 14:46:27.100000,BTCUSDT,88106.46,0.0001,binance
2025-03-24 14:46:27.100000,BTCUSDT,88106.46,6e-05,binance
2025-03-24 14:46:27.100000,BTCUSDT,88106.47,0.00013,binance
2025-03-24 14:46:27.100000,BTCUSDT,88106.47,7e-05,binance
2025-03-24 14:46:27.100000,BTCUSDT,88106.47,0.00014,binance
2025-03-24 14:46:27.100000,BTCUSDT,88106.83,0.00251,binance
2025-03-24 14:46:27.100000,BTCUSDT,88106.83,7e-05,binance
2025-03-24 14:46:27.100000,BTCUSDT,88107.15,6e-05,binance
2025-03-24 14:46:27.100000,BTCUSDT,88107.15,7e-05,binance
2025-03-24 14:46:27.100000,BTCUSDT,88107.98,7e-05,binance
2025-03-24 14:46:27.100000,BTCUSDT,88107.99,7e-05,binance
2025-03-24 14:46:27.100000,BTCUSDT,88108.04,6e-05,binance
2025-03-24 14:46:27.100000,BTCUSDT,88108.04,7e-05,binance
2025-03-24 14:46:27.100000,BTCUSDT,88108.92,7e-05,binance
2025-03-24 14:46:27.100000,BTCUSDT,88110.82,6e-05,binance
2025-03-24 14:46:27.100000,BTCUSDT,88110.82,6e-05,binance
2025-03-24 14:46:27.100000,BTCUSDT,88110.82,6e-05,binance
2025-03-24 14:46:27.100000,BTCUSDT,88110.83,0.02542,binance
2025-03-24 14:46:27.100000,BTCUSDT,88110.83,6e-05,binance
2025-03-24 14:46:27.100000,BTCUSDT,88110.83,7e-05,binance
2025-03-24 14:46:27.100000,BTCUSDT,88110.83,6e-05,binance
2025-03-24 14:46:27.100000,BTCUSDT,88111.12,6e-05,binance
2025-03-24 14:46:27.100000,BTCUSDT,88111.12,6e-05,binance
2025-03-24 14:46:27.100000,BTCUSDT,88111.12,6e-05,binance
2025-03-24 14:46:27.100000,BTCUSDT,88111.13,0.32906,binance
2025-03-24 14:46:27.100000,BTCUSDT,88111.13,7e-05,binance
2025-03-24 14:46:27.100000,BTCUSDT,88111.13,6e-05,binance
2025-03-24 14:46:27.100000,BTCUSDT,88111.13,6e-05,binance
2025-03-24 14:46:27.100000,BTCUSDT,88111.3,0.00012,binance
2025-03-24 14:46:27.100000,BTCUSDT,88111.57,0.02105,binance
2025-03-24 14:46:27.100000,BTCUSDT,88111.57,6e-05,binance
2025-03-24 14:46:27.100000,BTCUSDT,88111.57,7e-05,binance
2025-03-24 14:46:27.100000,BTCUSDT,88111.57,0.05783,binance
2025-03-24 14:46:27.100000,BTCUSDT,88111.57,6e-05,binance
2025-03-24 14:46:27.100000,BTCUSDT,88112.0,0.0847,binance
2025-03-24 14:46:27.100000,BTCUSDT,88112.0,7e-05,binance
2025-03-24 14:46:27.100000,BTCUSDT,88112.0,6e-05,binance
2025-03-24 14:46:27.100000,BTCUSDT,88112.0,6e-05,binance
2025-03-24 14:46:27.100000,BTCUSDT,88112.5,0.002,binance
2025-03-24 14:46:27.100000,BTCUSDT,88112.51,7e-05,binance
2025-03-24 14:46:27.100000,BTCUSDT,88112.52,0.03039,binance
2025-03-24 14:46:27.100000,BTCUSDT,88112.52,7e-05,binance
2025-03-24 14:46:27.103000,BTCUSDT,88112.93,0.00021,binance
2025-03-24 14:46:27.254000,BTCUSDT,88112.94,0.0005,binance
2025-03-24 14:46:27.373000,BTCUSDT,88112.94,7e-05,binance
2025-03-24 14:46:27.387000,BTCUSDT,88112.94,0.00243,binance
2025-03-24 14:46:27.387000,BTCUSDT,88112.94,7e-05,binance
2025-03-24 14:46:27.387000,BTCUSDT,88112.94,7e-05,binance
2025-03-24 14:46:27.387000,BTCUSDT,88112.94,7e-05,binance
2025-03-24 14:46:27.387000,BTCUSDT,88112.94,7e-05,binance
2025-03-24 14:46:27.387000,BTCUSDT,88112.94,0.01572,binance
2025-03-24 14:46:27.387000,BTCUSDT,88112.94,0.0001,binance
2025-03-24 14:46:27.387000,BTCUSDT,88112.94,0.0001,binance
2025-03-24 14:46:27.387000,BTCUSDT,88112.94,7e-05,binance
2025-03-24 14:46:27.387000,BTCUSDT,88112.94,0.0001,binance
2025-03-24 14:46:27.387000,BTCUSDT,88112.94,0.00014,binance
2025-03-24 14:46:27.387000,BTCUSDT,88112.94,7e-05,binance
2025-03-24 14:46:27.387000,BTCUSDT,88112.94,7e-05,binance
2025-03-24 14:46:27.387000,BTCUSDT,88112.94,0.0001,binance
2025-03-24 14:46:27.387000,BTCUSDT,88112.94,0.0001,binance
2025-03-24 14:46:27.387000,BTCUSDT,88112.94,7e-05,binance
2025-03-24 14:46:27.387000,BTCUSDT,88112.94,0.0001,binance
2025-03-24 14:46:27.387000,BTCUSDT,88112.94,6e-05,binance
2025-03-24 14:46:27.387000,BTCUSDT,88112.94,6e-05,binance
2025-03-24 14:46:27.387000,BTCUSDT,88112.95,0.00032,binance
2025-03-24 14:46:27.387000,BTCUSDT,88112.95,0.00014,binance
2025-03-24 14:46:27.387000,BTCUSDT,88112.95,0.00014,binance
2025-03-24 14:46:27.387000,BTCUSDT,88112.95,7e-05,binance
2025-03-24 14:46:27.387000,BTCUSDT,88112.95,0.00013,binance
2025-03-24 14:46:27.387000,BTCUSDT,88113.21,6e-05,binance
2025-03-24 14:46:27.387000,BTCUSDT,88113.21,6e-05,binance
2025-03-24 14:46:27.387000,BTCUSDT,88113.21,7e-05,binance
2025-03-24 14:46:27.387000,BTCUSDT,88113.21,0.00037,binance
2025-03-24 14:46:27.387000,BTCUSDT,88113.21,0.00037,binance
2025-03-24 14:46:27.387000,BTCUSDT,88113.21,0.00037,binance
2025-03-24 14:46:27.387000,BTCUSDT,88113.21,6e-05,binance
2025-03-24 14:46:27.387000,BTCUSDT,88113.22,7e-05,binance
2025-03-24 14:46:27.416000,BTCUSDT,88113.74,7e-05,binance
2025-03-24 14:46:27.416000,BTCUSDT,88113.74,6e-05,binance
2025-03-24 14:46:27.416000,BTCUSDT,88113.74,7e-05,binance
2025-03-24 14:46:27.416000,BTCUSDT,88113.74,0.0001,binance
2025-03-24 14:46:27.416000,BTCUSDT,88113.74,7e-05,binance
2025-03-24 14:46:27.416000,BTCUSDT,88113.74,7e-05,binance
2025-03-24 14:46:27.416000,BTCUSDT,88113.74,7e-05,binance
2025-03-24 14:46:27.416000,BTCUSDT,88113.74,7e-05,binance
2025-03-24 14:46:27.416000,BTCUSDT,88113.74,6e-05,binance
2025-03-24 14:46:27.416000,BTCUSDT,88113.74,6e-05,binance
2025-03-24 14:46:27.416000,BTCUSDT,88113.74,6e-05,binance
2025-03-24 14:46:27.416000,BTCUSDT,88113.74,6e-05,binance
2025-03-24 14:46:27.416000,BTCUSDT,88113.74,6e-05,binance
2025-03-24 14:46:27.416000,BTCUSDT,88113.74,0.04011,binance
2025-03-24 14:46:27.416000,BTCUSDT,88113.74,6e-05,binance
2025-03-24 14:46:27.416000,BTCUSDT,88113.74,6e-05,binance
2025-03-24 14:46:27.416000,BTCUSDT,88113.74,6e-05,binance
2025-03-24 14:46:27.416000,BTCUSDT,88113.74,6e-05,binance
2025-03-24 14:46:27.416000,BTCUSDT,88113.74,6e-05,binance
2025-03-24 14:46:27.416000,BTCUSDT,88113.74,6e-05,binance
2025-03-24 14:46:27.416000,BTCUSDT,88113.74,6e-05,binance
2025-03-24 14:46:27.416000,BTCUSDT,88113.74,6e-05,binance
2025-03-24 14:46:27.416000,BTCUSDT,88113.74,6e-05,binance
2025-03-24 14:46:27.416000,BTCUSDT,88113.74,6e-05,binance
2025-03-24 14:46:27.416000,BTCUSDT,88113.74,6e-05,binance
2025-03-24 14:46:27.416000,BTCUSDT,88113.74,6e-05,binance
2025-03-24 14:46:27.416000,BTCUSDT,88113.74,6e-05,binance
2025-03-24 14:46:27.416000,BTCUSDT,88113.74,6e-05,binance
2025-03-24 14:46:27.416000,BTCUSDT,88113.74,6e-05,binance
2025-03-24 14:46:27.416000,BTCUSDT,88113.74,6e-05,binance
2025-03-24 14:46:27.416000,BTCUSDT,88113.74,6e-05,binance
2025-03-24 14:46:27.416000,BTCUSDT,88113.74,6e-05,binance
2025-03-24 14:46:27.416000,BTCUSDT,88113.74,6e-05,binance
2025-03-24 14:46:27.416000,BTCUSDT,88113.74,6e-05,binance
2025-03-24 14:46:27.416000,BTCUSDT,88113.75,0.00253,binance
2025-03-24 14:46:27.416000,BTCUSDT,88113.75,7e-05,binance
2025-03-24 14:46:27.416000,BTCUSDT,88113.75,0.00014,binance
2025-03-24 14:46:27.416000,BTCUSDT,88113.82,0.0025,binance
2025-03-24 14:46:27.416000,BTCUSDT,88113.82,7e-05,binance
2025-03-24 14:46:27.416000,BTCUSDT,88113.84,7e-05,binance
2025-03-24 14:46:27.416000,BTCUSDT,88114.0,7e-05,binance
2025-03-24 14:46:27.416000,BTCUSDT,88114.23,6e-05,binance
2025-03-24 14:46:27.416000,BTCUSDT,88114.23,7e-05,binance
2025-03-24 14:46:27.416000,BTCUSDT,88115.0,0.005,binance
2025-03-24 14:46:27.416000,BTCUSDT,88115.0,7e-05,binance
2025-03-24 14:46:27.416000,BTCUSDT,88115.25,6e-05,binance
2025-03-24 14:46:27.416000,BTCUSDT,88115.25,6e-05,binance
2025-03-24 14:46:27.416000,BTCUSDT,88115.25,7e-05,binance
2025-03-24 14:46:27.416000,BTCUSDT,88115.25,6e-05,binance
2025-03-24 14:46:27.416000,BTCUSDT,88115.26,0.04,binance
2025-03-24 14:46:27.416000,BTCUSDT,88115.26,7e-05,binance
2025-03-24 14:46:27.416000,BTCUSDT,88115.26,6e-05,binance
2025-03-24 14:46:27.416000,BTCUSDT,88115.26,6e-05,binance
2025-03-24 14:46:27.416000,BTCUSDT,88115.45,6e-05,binance
2025-03-24 14:46:27.416000,BTCUSDT,88115.45,6e-05,binance
2025-03-24 14:46:27.416000,BTCUSDT,88115.45,6e-05,binance
2025-03-24 14:46:27.416000,BTCUSDT,88115.46,0.0282,binance
2025-03-24 14:46:27.416000,BTCUSDT,88115.46,6e-05,binance
2025-03-24 14:46:27.416000,BTCUSDT,88115.46,7e-05,binance
2025-03-24 14:46:27.416000,BTCUSDT,88115.46,6e-05,binance
2025-03-24 14:46:27.416000,BTCUSDT,88115.6,6e-05,binance
2025-03-24 14:46:27.416000,BTCUSDT,88115.6,6e-05,binance
2025-03-24 14:46:27.416000,BTCUSDT,88115.6,6e-05,binance
2025-03-24 14:46:27.418000,BTCUSDT,88115.61,0.00544,binance
2025-03-24 14:46:27.475000,BTCUSDT,88115.61,0.00012,binance
2025-03-24 14:46:27.476000,BTCUSDT,88115.61,0.00014,binance
2025-03-24 14:46:27.548000,BTCUSDT,88115.61,0.00113,binance
2025-03-24 14:46:27.579000,BTCUSDT,88115.61,0.01637,binance
2025-03-24 14:46:27.783000,BTCUSDT,88115.6,0.00035,binance
2025-03-24 14:46:27.791000,BTCUSDT,88115.61,0.00068,binance
2025-03-24 14:46:27.792000,BTCUSDT,88115.61,0.00015,binance
2025-03-24 14:46:27.958000,BTCUSDT,88115.6,0.03099,binance
2025-03-24 14:46:27.960000,BTCUSDT,88115.61,0.0002,binance
2025-03-24 14:46:28.168000,BTCUSDT,88115.61,0.00282,binance
2025-03-24 14:46:28.169000,BTCUSDT,88115.61,0.00282,binance
2025-03-24 14:46:28.170000,BTCUSDT,88115.61,0.00217,binance
2025-03-24 14:46:28.170000,BTCUSDT,88115.61,0.00217,binance
2025-03-24 14:46:28.170000,BTCUSDT,88115.61,0.00217,binance
2025-03-24 14:46:28.183000,BTCUSDT,88115.61,0.00096,binance
2025-03-24 14:46:28.234000,BTCUSDT,88115.61,0.00015,binance
2025-03-24 14:46:28.241000,BTCUSDT,88115.61,0.00014,binance
2025-03-24 14:46:28.243000,BTCUSDT,88115.61,0.00091,binance
2025-03-24 14:46:28.246000,BTCUSDT,88115.61,0.0034,binance
2025-03-24 14:46:28.247000,BTCUSDT,88115.61,0.00227,binance
2025-03-24 14:46:28.249000,BTCUSDT,88115.61,0.00147,binance
2025-03-24 14:46:28.260000,BTCUSDT,88115.61,0.00015,binance
2025-03-24 14:46:28.261000,BTCUSDT,88115.61,0.00015,binance
2025-03-24 14:46:28.262000,BTCUSDT,88115.61,0.00015,binance
2025-03-24 14:46:28.267000,BTCUSDT,88115.61,0.00015,binance
2025-03-24 14:46:28.269000,BTCUSDT,88115.61,0.00015,binance
2025-03-24 14:46:28.271000,BTCUSDT,88115.61,0.00015,binance
2025-03-24 14:46:28.276000,BTCUSDT,88115.61,0.00015,binance
2025-03-24 14:46:28.280000,BTCUSDT,88115.61,0.00015,binance
2025-03-24 14:46:28.284000,BTCUSDT,88115.61,0.00015,binance
2025-03-24 14:46:28.290000,BTCUSDT,88115.61,0.00015,binance
2025-03-24 14:46:28.291000,BTCUSDT,88115.61,0.00014,binance
2025-03-24 14:46:28.292000,BTCUSDT,88115.61,0.00015,binance
2025-03-24 14:46:28.294000,BTCUSDT,88115.61,0.00015,binance
2025-03-24 14:46:28.302000,BTCUSDT,88115.61,0.00015,binance
2025-03-24 14:46:28.306000,BTCUSDT,88115.61,0.00015,binance
2025-03-24 14:46:28.306000,BTCUSDT,88115.61,0.00015,binance
2025-03-24 14:46:28.311000,BTCUSDT,88115.61,0.00015,binance
2025-03-24 14:46:28.311000,BTCUSDT,88115.61,0.00015,binance
2025-03-24 14:46:28.312000,BTCUSDT,88115.61,0.00015,binance
2025-03-24 14:46:28.317000,BTCUSDT,88115.61,0.00015,binance
2025-03-24 14:46:28.326000,BTCUSDT,88115.61,0.00091,binance
2025-03-24 14:46:28.327000,BTCUSDT,88115.61,0.00015,binance
2025-03-24 14:46:28.329000,BTCUSDT,88115.61,0.00015,binance
2025-03-24 14:46:28.342000,BTCUSDT,88115.61,0.00014,binance
2025-03-24 14:46:28.343000,BTCUSDT,88115.61,0.00015,binance
2025-03-24 14:46:28.344000,BTCUSDT,88115.61,0.00015,binance
2025-03-24 14:46:28.344000,BTCUSDT,88115.61,0.00015,binance
2025-03-24 14:46:28.345000,BTCUSDT,88115.61,0.00015,binance
2025-03-24 14:46:28.348000,BTCUSDT,88115.61,0.00015,binance
2025-03-24 14:46:28.349000,BTCUSDT,88115.61,0.00015,binance
2025-03-24 14:46:28.351000,BTCUSDT,88115.61,0.00015,binance
2025-03-24 14:46:28.355000,BTCUSDT,88115.61,0.00015,binance
2025-03-24 14:46:28.360000,BTCUSDT,88115.61,0.00015,binance
2025-03-24 14:46:28.363000,BTCUSDT,88115.61,0.00015,binance
2025-03-24 14:46:28.363000,BTCUSDT,88115.61,0.12348,binance
2025-03-24 14:46:28.363000,BTCUSDT,88115.61,0.03552,binance
2025-03-24 14:46:28.366000,BTCUSDT,88115.61,0.11712,binance
2025-03-24 14:46:28.366000,BTCUSDT,88115.61,0.02604,binance
2025-03-24 14:46:28.368000,BTCUSDT,88115.61,0.00015,binance
2025-03-24 14:46:28.381000,BTCUSDT,88115.61,7e-05,binance
2025-03-24 14:46:28.381000,BTCUSDT,88115.61,7e-05,binance
2025-03-24 14:46:28.381000,BTCUSDT,88115.61,1e-05,binance
2025-03-24 14:46:28.381000,BTCUSDT,88115.61,0.00014,binance
2025-03-24 14:46:28.382000,BTCUSDT,88115.61,0.00015,binance
2025-03-24 14:46:28.382000,BTCUSDT,88115.61,0.00015,binance
2025-03-24 14:46:28.385000,BTCUSDT,88115.61,0.00015,binance
2025-03-24 14:46:28.395000,BTCUSDT,88115.61,0.02341,binance
2025-03-24 14:46:28.403000,BTCUSDT,88115.61,7e-05,binance
2025-03-24 14:46:28.403000,BTCUSDT,88115.61,0.00013,binance
2025-03-24 14:46:28.403000,BTCUSDT,88115.61,0.00025,binance
2025-03-24 14:46:28.403000,BTCUSDT,88115.61,0.0001,binance
2025-03-24 14:46:28.403000,BTCUSDT,88115.61,7e-05,binance
2025-03-24 14:46:28.403000,BTCUSDT,88115.61,0.00012,binance
2025-03-24 14:46:28.403000,BTCUSDT,88115.61,0.00012,binance
2025-03-24 14:46:28.403000,BTCUSDT,88115.61,0.00012,binance
2025-03-24 14:46:28.403000,BTCUSDT,88115.61,7e-05,binance
2025-03-24 14:46:28.403000,BTCUSDT,88115.61,7e-05,binance
2025-03-24 14:46:28.403000,BTCUSDT,88115.61,0.0001,binance
2025-03-24 14:46:28.403000,BTCUSDT,88115.61,7e-05,binance
2025-03-24 14:46:28.403000,BTCUSDT,88115.61,0.0001,binance
2025-03-24 14:46:28.403000,BTCUSDT,88115.61,0.0001,binance
2025-03-24 14:46:28.403000,BTCUSDT,88115.61,0.0001,binance
2025-03-24 14:46:28.403000,BTCUSDT,88115.61,7e-05,binance
2025-03-24 14:46:28.403000,BTCUSDT,88115.61,7e-05,binance
2025-03-24 14:46:28.403000,BTCUSDT,88115.61,0.0001,binance
2025-03-24 14:46:28.403000,BTCUSDT,88115.61,0.0001,binance
2025-03-24 14:46:28.403000,BTCUSDT,88115.61,6e-05,binance
2025-03-24 14:46:28.403000,BTCUSDT,88115.61,7e-05,binance
2025-03-24 14:46:28.403000,BTCUSDT,88115.61,6e-05,binance
2025-03-24 14:46:28.403000,BTCUSDT,88115.62,0.00013,binance
2025-03-24 14:46:28.403000,BTCUSDT,88115.62,0.00014,binance
2025-03-24 14:46:28.403000,BTCUSDT,88115.62,0.00013,binance
2025-03-24 14:46:28.403000,BTCUSDT,88115.62,0.00014,binance
2025-03-24 14:46:28.403000,BTCUSDT,88115.62,7e-05,binance
2025-03-24 14:46:28.403000,BTCUSDT,88115.63,7e-05,binance
2025-03-24 14:46:28.403000,BTCUSDT,88115.64,7e-05,binance
2025-03-24 14:46:28.403000,BTCUSDT,88115.64,7e-05,binance
2025-03-24 14:46:28.403000,BTCUSDT,88116.0,0.002,binance
2025-03-24 14:46:28.403000,BTCUSDT,88116.0,7e-05,binance
2025-03-24 14:46:28.403000,BTCUSDT,88116.0,6e-05,binance
2025-03-24 14:46:28.403000,BTCUSDT,88116.44,7e-05,binance
2025-03-24 14:46:28.403000,BTCUSDT,88116.57,7e-05,binance
2025-03-24 14:46:28.403000,BTCUSDT,88116.58,7e-05,binance
2025-03-24 14:46:28.403000,BTCUSDT,88118.47,0.04,binance
2025-03-24 14:46:28.403000,BTCUSDT,88118.92,7e-05,binance
2025-03-24 14:46:28.403000,BTCUSDT,88119.54,6e-05,binance
2025-03-24 14:46:28.403000,BTCUSDT,88119.6,0.00244,binance
2025-03-24 14:46:28.403000,BTCUSDT,88119.98,6e-05,binance
2025-03-24 14:46:28.403000,BTCUSDT,88119.98,6e-05,binance
2025-03-24 14:46:28.403000,BTCUSDT,88119.98,6e-05,binance
2025-03-24 14:46:28.403000,BTCUSDT,88119.99,0.0247,binance
2025-03-24 14:46:28.406000,BTCUSDT,88119.99,0.00054,binance
2025-03-24 14:46:28.406000,BTCUSDT,88119.99,6e-05,binance
2025-03-24 14:46:28.406000,BTCUSDT,88119.99,0.0001,binance
2025-03-24 14:46:28.406000,BTCUSDT,88119.99,6e-05,binance
2025-03-24 14:46:28.410000,BTCUSDT,88119.99,0.00903,binance
2025-03-24 14:46:28.410000,BTCUSDT,88119.99,0.02397,binance
2025-03-24 14:46:28.410000,BTCUSDT,88119.99,0.00053,binance
2025-03-24 14:46:28.435000,BTCUSDT,88120.0,6e-05,binance
2025-03-24 14:46:28.435000,BTCUSDT,88120.0,0.002,binance
2025-03-24 14:46:28.435000,BTCUSDT,88120.0,0.005,binance
2025-03-24 14:46:28.435000,BTCUSDT,88120.0,6e-05,binance
2025-03-24 14:46:28.435000,BTCUSDT,88120.0,0.0001,binance
2025-03-24 14:46:28.435000,BTCUSDT,88120.0,0.0001,binance
2025-03-24 14:46:28.435000,BTCUSDT,88120.0,7e-05,binance
2025-03-24 14:46:28.435000,BTCUSDT,88120.0,6e-05,binance
2025-03-24 14:46:28.435000,BTCUSDT,88120.01,0.00022,binance
2025-03-24 14:46:28.435000,BTCUSDT,88120.01,7e-05,binance
2025-03-24 14:46:28.435000,BTCUSDT,88120.01,0.00013,binance
2025-03-24 14:46:28.435000,BTCUSDT,88120.43,6e-05,binance
2025-03-24 14:46:28.435000,BTCUSDT,88120.43,7e-05,binance
2025-03-24 14:46:28.435000,BTCUSDT,88120.7,0.00026,binance
2025-03-24 14:46:28.435000,BTCUSDT,88120.7,0.00026,binance
2025-03-24 14:46:28.435000,BTCUSDT,88120.7,0.00026,binance
2025-03-24 14:46:28.435000,BTCUSDT,88120.7,7e-05,binance
2025-03-24 14:46:28.435000,BTCUSDT,88121.31,6e-05,binance
2025-03-24 14:46:28.435000,BTCUSDT,88121.31,7e-05,binance
2025-03-24 14:46:28.435000,BTCUSDT,88121.86,0.00012,binance
2025-03-24 14:46:28.435000,BTCUSDT,88121.86,7e-05,binance
2025-03-24 14:46:28.435000,BTCUSDT,88121.99,6e-05,binance
2025-03-24 14:46:28.435000,BTCUSDT,88121.99,6e-05,binance
2025-03-24 14:46:28.435000,BTCUSDT,88121.99,7e-05,binance
2025-03-24 14:46:28.435000,BTCUSDT,88121.99,6e-05,binance
2025-03-24 14:46:28.435000,BTCUSDT,88122.0,0.07058,binance
2025-03-24 14:46:28.439000,BTCUSDT,88122.0,7e-05,binance
2025-03-24 14:46:28.439000,BTCUSDT,88122.0,6e-05,binance
2025-03-24 14:46:28.439000,BTCUSDT,88122.0,0.0001,binance
2025-03-24 14:46:28.439000,BTCUSDT,88122.0,0.0001,binance
2025-03-24 14:46:28.439000,BTCUSDT,88122.0,6e-05,binance
2025-03-24 14:46:28.439000,BTCUSDT,88122.36,6e-05,binance
2025-03-24 14:46:28.439000,BTCUSDT,88122.36,7e-05,binance
2025-03-24 14:46:28.439000,BTCUSDT,88123.05,0.00092,binance
2025-03-24 14:46:28.439000,BTCUSDT,88123.05,7e-05,binance
2025-03-24 14:46:28.439000,BTCUSDT,88123.99,7e-05,binance
2025-03-24 14:46:28.467000,BTCUSDT,88124.0,0.002,binance
2025-03-24 14:46:28.467000,BTCUSDT,88124.0,6e-05,binance
2025-03-24 14:46:28.467000,BTCUSDT,88124.0,0.0001,binance
2025-03-24 14:46:28.467000,BTCUSDT,88124.0,6e-05,binance
2025-03-24 14:46:28.467000,BTCUSDT,88124.0,0.0001,binance
2025-03-24 14:46:28.467000,BTCUSDT,88124.0,7e-05,binance
2025-03-24 14:46:28.467000,BTCUSDT,88124.0,7e-05,binance
2025-03-24 14:46:28.467000,BTCUSDT,88124.0,7e-05,binance
2025-03-24 14:46:28.467000,BTCUSDT,88124.0,7e-05,binance
2025-03-24 14:46:28.467000,BTCUSDT,88124.0,7e-05,binance
2025-03-24 14:46:28.467000,BTCUSDT,88124.0,7e-05,binance
2025-03-24 14:46:28.467000,BTCUSDT,88124.0,6e-05,binance
2025-03-24 14:46:28.467000,BTCUSDT,88124.0,6e-05,binance
2025-03-24 14:46:28.467000,BTCUSDT,88124.01,0.0002,binance
2025-03-24 14:46:28.467000,BTCUSDT,88124.01,7e-05,binance
2025-03-24 14:46:28.467000,BTCUSDT,88124.27,0.00018,binance
2025-03-24 14:46:28.467000,BTCUSDT,88124.27,0.00018,binance
2025-03-24 14:46:28.467000,BTCUSDT,88124.27,0.00018,binance
2025-03-24 14:46:28.467000,BTCUSDT,88124.27,7e-05,binance
2025-03-24 14:46:28.467000,BTCUSDT,88124.28,0.003,binance
2025-03-24 14:46:28.467000,BTCUSDT,88124.28,7e-05,binance
2025-03-24 14:46:28.467000,BTCUSDT,88124.35,7e-05,binance
2025-03-24 14:46:28.467000,BTCUSDT,88124.36,7e-05,binance
2025-03-24 14:46:28.468000,BTCUSDT,88124.52,7e-05,binance
2025-03-24 14:46:28.468000,BTCUSDT,88124.86,7e-05,binance
2025-03-24 14:46:28.601000,BTCUSDT,88124.87,0.01781,binance
2025-03-24 14:46:28.603000,BTCUSDT,88124.87,0.00487,binance
2025-03-24 14:46:28.635000,BTCUSDT,88124.87,0.00091,binance
2025-03-24 14:46:28.637000,BTCUSDT,88124.87,0.00085,binance
2025-03-24 14:46:28.638000,BTCUSDT,88124.87,9e-05,binance
2025-03-24 14:46:28.734000,BTCUSDT,88124.86,0.0032,binance
2025-03-24 14:46:28.887000,BTCUSDT,88124.86,0.00057,binance
2025-03-24 14:46:28.962000,BTCUSDT,88124.87,0.0002,binance
2025-03-24 14:46:29.037000,BTCUSDT,88124.87,0.0001,binance
2025-03-24 14:46:29.283000,BTCUSDT,88124.87,0.014,binance
2025-03-24 14:46:29.498000,BTCUSDT,88124.86,0.0001,binance
2025-03-24 14:46:29.498000,BTCUSDT,88124.86,0.02366,binance
2025-03-24 14:46:29.697000,BTCUSDT,88124.86,0.00035,binance
2025-03-24 14:46:29.951000,BTCUSDT,88124.86,7e-05,binance
2025-03-24 14:46:29.951000,BTCUSDT,88124.86,6e-05,binance
2025-03-24 14:46:29.951000,BTCUSDT,88124.86,6e-05,binance
2025-03-24 14:46:29.951000,BTCUSDT,88124.86,6e-05,binance
2025-03-24 14:46:29.951000,BTCUSDT,88124.86,7e-05,binance
2025-03-24 14:46:29.951000,BTCUSDT,88124.86,7e-05,binance
2025-03-24 14:46:29.951000,BTCUSDT,88124.86,0.11,binance
2025-03-24 14:46:29.951000,BTCUSDT,88124.86,0.00506,binance
2025-03-24 14:46:29.951000,BTCUSDT,88124.86,0.00251,binance
2025-03-24 14:46:29.951000,BTCUSDT,88124.86,0.01362,binance
2025-03-24 14:46:29.960000,BTCUSDT,88124.86,0.08004,binance
2025-03-24 14:46:29.960000,BTCUSDT,88124.86,0.00013,binance
2025-03-24 14:46:29.960000,BTCUSDT,88124.86,7e-05,binance
2025-03-24 14:46:29.960000,BTCUSDT,88124.86,0.00115,binance
2025-03-24 14:46:29.960000,BTCUSDT,88124.86,0.00115,binance
2025-03-24 14:46:29.960000,BTCUSDT,88124.86,7e-05,binance
2025-03-24 14:46:29.960000,BTCUSDT,88124.86,7e-05,binance
2025-03-24 14:46:29.960000,BTCUSDT,88124.86,0.0001,binance
2025-03-24 14:46:29.960000,BTCUSDT,88124.86,7e-05,binance
2025-03-24 14:46:29.960000,BTCUSDT,88124.86,7e-05,binance
2025-03-24 14:46:29.960000,BTCUSDT,88124.86,7e-05,binance
2025-03-24 14:46:29.960000,BTCUSDT,88124.86,0.0001,binance
2025-03-24 14:46:29.960000,BTCUSDT,88124.86,7e-05,binance
2025-03-24 14:46:29.960000,BTCUSDT,88124.86,0.0001,binance
2025-03-24 14:46:29.960000,BTCUSDT,88124.86,0.0001,binance
2025-03-24 14:46:29.960000,BTCUSDT,88124.86,7e-05,binance
2025-03-24 14:46:29.971000,BTCUSDT,88124.85,0.00014,binance
2025-03-24 14:46:29.971000,BTCUSDT,88124.85,0.00014,binance
2025-03-24 14:46:29.971000,BTCUSDT,88124.85,0.00013,binance
2025-03-24 14:46:29.971000,BTCUSDT,88124.85,6e-05,binance
2025-03-24 14:46:29.971000,BTCUSDT,88124.85,7e-05,binance
2025-03-24 14:46:29.971000,BTCUSDT,88124.85,0.0001,binance
2025-03-24 14:46:29.971000,BTCUSDT,88124.85,6e-05,binance
2025-03-24 14:46:29.971000,BTCUSDT,88124.85,0.0001,binance
2025-03-24 14:46:29.971000,BTCUSDT,88124.85,0.00115,binance
2025-03-24 14:46:29.971000,BTCUSDT,88124.85,0.00058,binance
2025-03-24 14:46:30.723000,BTCUSDT,88124.86,7e-05,binance
2025-03-24 14:46:30.768000,BTCUSDT,88124.86,0.00071,binance
2025-03-24 14:46:31.418000,BTCUSDT,88124.86,0.0034,binance
2025-03-24 14:46:31.493000,BTCUSDT,88124.85,0.00057,binance
2025-03-24 14:46:31.493000,BTCUSDT,88124.85,0.74884,binance
2025-03-24 14:46:31.493000,BTCUSDT,88124.85,0.00115,binance
2025-03-24 14:46:31.493000,BTCUSDT,88124.85,0.00014,binance
2025-03-24 14:46:31.493000,BTCUSDT,88124.85,7e-05,binance
2025-03-24 14:46:31.493000,BTCUSDT,88124.85,0.71457,binance
2025-03-24 14:46:31.493000,BTCUSDT,88124.85,0.1,binance
2025-03-24 14:46:31.493000,BTCUSDT,88124.85,7e-05,binance
2025-03-24 14:46:31.493000,BTCUSDT,88124.85,0.27606,binance
2025-03-24 14:46:31.493000,BTCUSDT,88124.85,7e-05,binance
2025-03-24 14:46:31.493000,BTCUSDT,88124.85,0.15846,binance
2025-03-24 14:46:31.774000,BTCUSDT,88124.85,0.0034,binance
2025-03-24 14:46:43.316000,BTCUSDT,88146.98,6e-05,binance
2025-03-24 14:46:43.316000,BTCUSDT,88146.98,0.0001,binance
2025-03-24 14:46:43.316000,BTCUSDT,88146.98,7e-05,binance
2025-03-24 14:46:43.316000,BTCUSDT,88146.98,0.0001,binance
2025-03-24 14:46:43.316000,BTCUSDT,88146.98,7e-05,binance
2025-03-24 14:46:43.316000,BTCUSDT,88146.98,7e-05,binance
2025-03-24 14:46:43.316000,BTCUSDT,88146.98,7e-05,binance
2025-03-24 14:46:43.316000,BTCUSDT,88146.98,0.00013,binance
2025-03-24 14:46:43.316000,BTCUSDT,88146.98,7e-05,binance
2025-03-24 14:46:43.316000,BTCUSDT,88146.98,0.0001,binance
2025-03-24 14:46:43.316000,BTCUSDT,88146.98,0.00252,binance
2025-03-24 14:46:43.316000,BTCUSDT,88146.98,7e-05,binance
2025-03-24 14:46:43.316000,BTCUSDT,88146.98,6e-05,binance
2025-03-24 14:46:43.316000,BTCUSDT,88146.99,0.00014,binance
2025-03-24 14:46:43.316000,BTCUSDT,88146.99,7e-05,binance
2025-03-24 14:46:43.316000,BTCUSDT,88146.99,7e-05,binance
2025-03-24 14:46:43.318000,BTCUSDT,88146.99,6e-05,binance
2025-03-24 14:46:43.318000,BTCUSDT,88146.99,6e-05,binance
2025-03-24 14:46:43.318000,BTCUSDT,88146.99,0.0001,binance
2025-03-24 14:46:43.318000,BTCUSDT,88146.99,6e-05,binance
2025-03-24 14:46:43.318000,BTCUSDT,88147.87,7e-05,binance
2025-03-24 14:46:43.318000,BTCUSDT,88147.99,7e-05,binance
2025-03-24 14:46:43.453000,BTCUSDT,88147.99,0.00011,binance
2025-03-24 14:46:43.477000,BTCUSDT,88148.0,0.0002,binance
2025-03-24 14:46:43.977000,BTCUSDT,88148.0,0.0002,binance
2025-03-24 14:46:43.981000,BTCUSDT,88147.99,0.00802,binance
2025-03-24 14:46:44.041000,BTCUSDT,88147.99,0.08379,binance
2025-03-24 14:46:44.041000,BTCUSDT,88147.99,0.08181,binance
2025-03-24 14:46:44.041000,BTCUSDT,88147.99,0.6,binance
2025-03-24 14:46:44.041000,BTCUSDT,88147.99,0.0985,binance
2025-03-24 14:46:44.041000,BTCUSDT,88147.99,0.40268,binance
2025-03-24 14:46:44.041000,BTCUSDT,88147.99,0.5,binance
2025-03-24 14:46:44.041000,BTCUSDT,88147.99,0.091,binance
2025-03-24 14:46:44.041000,BTCUSDT,88147.99,0.14222,binance
2025-03-24 14:46:44.506000,BTCUSDT,88148.0,0.0028,binance
2025-03-24 14:46:44.608000,BTCUSDT,88148.0,8e-05,binance
2025-03-24 14:46:44.675000,BTCUSDT,88148.0,0.00244,binance
2025-03-24 14:46:44.843000,BTCUSDT,88147.99,0.00086,binance
2025-03-24 14:46:44.843000,BTCUSDT,88147.99,0.00115,binance
2025-03-24 14:46:44.843000,BTCUSDT,88147.99,0.00624,binance
2025-03-24 14:46:44.941000,BTCUSDT,88147.99,0.00865,binance
2025-03-24 14:46:45.262000,BTCUSDT,88148.0,0.03431,binance
2025-03-24 14:46:45.298000,BTCUSDT,88148.0,0.00113,binance
2025-03-24 14:46:45.478000,BTCUSDT,88148.0,0.0002,binance
2025-03-24 14:46:45.483000,BTCUSDT,88148.0,7e-05,binance
2025-03-24 14:46:45.483000,BTCUSDT,88148.0,7e-05,binance
2025-03-24 14:46:45.483000,BTCUSDT,88148.0,0.00814,binance
2025-03-24 14:46:45.484000,BTCUSDT,88148.0,0.00186,binance
2025-03-24 14:46:45.484000,BTCUSDT,88148.0,0.00014,binance
2025-03-24 14:46:45.484000,BTCUSDT,88148.0,0.00504,binance
2025-03-24 14:46:45.484000,BTCUSDT,88148.0,0.0032,binance
2025-03-24 14:46:45.484000,BTCUSDT,88148.0,0.0001,binance
2025-03-24 14:46:45.484000,BTCUSDT,88148.0,7e-05,binance
2025-03-24 14:46:45.484000,BTCUSDT,88148.0,6e-05,binance
2025-03-24 14:46:45.484000,BTCUSDT,88148.0,0.0001,binance
2025-03-24 14:46:45.484000,BTCUSDT,88148.0,0.0001,binance
2025-03-24 14:46:45.484000,BTCUSDT,88148.0,7e-05,binance
2025-03-24 14:46:45.484000,BTCUSDT,88148.0,7e-05,binance
2025-03-24 14:46:45.484000,BTCUSDT,88148.0,7e-05,binance
2025-03-24 14:46:45.484000,BTCUSDT,88148.0,7e-05,binance
2025-03-24 14:46:45.484000,BTCUSDT,88148.0,7e-05,binance
2025-03-24 14:46:45.484000,BTCUSDT,88148.0,6e-05,binance
2025-03-24 14:46:45.484000,BTCUSDT,88148.01,9e-05,binance
2025-03-24 14:46:45.484000,BTCUSDT,88148.01,0.00013,binance
2025-03-24 14:46:45.484000,BTCUSDT,88148.01,0.00014,binance
2025-03-24 14:46:45.484000,BTCUSDT,88148.01,0.00013,binance
2025-03-24 14:46:45.484000,BTCUSDT,88148.01,7e-05,binance
2025-03-24 14:46:45.484000,BTCUSDT,88148.14,7e-05,binance
2025-03-24 14:46:45.484000,BTCUSDT,88148.14,6e-05,binance
2025-03-24 14:46:45.484000,BTCUSDT,88148.15,7e-05,binance
2025-03-24 14:46:45.484000,BTCUSDT,88148.23,7e-05,binance
2025-03-24 14:46:45.484000,BTCUSDT,88148.24,7e-05,binance
2025-03-24 14:46:45.484000,BTCUSDT,88148.25,7e-05,binance
2025-03-24 14:46:45.484000,BTCUSDT,88148.36,0.00251,binance
2025-03-24 14:46:45.484000,BTCUSDT,88148.36,7e-05,binance
2025-03-24 14:46:45.486000,BTCUSDT,88148.52,0.00244,binance
2025-03-24 14:46:45.487000,BTCUSDT,88150.0,7e-05,binance
2025-03-24 14:46:45.487000,BTCUSDT,88150.52,6e-05,binance
2025-03-24 14:46:45.487000,BTCUSDT,88151.2,0.00024,binance
2025-03-24 14:46:45.487000,BTCUSDT,88151.99,6e-05,binance
2025-03-24 14:46:45.487000,BTCUSDT,88151.99,6e-05,binance
2025-03-24 14:46:45.487000,BTCUSDT,88151.99,6e-05,binance
2025-03-24 14:46:45.487000,BTCUSDT,88152.0,6e-05,binance
2025-03-24 14:46:45.487000,BTCUSDT,88152.0,7e-05,binance
2025-03-24 14:46:45.487000,BTCUSDT,88152.0,6e-05,binance
2025-03-24 14:46:45.487000,BTCUSDT,88152.4,0.005,binance
2025-03-24 14:46:45.487000,BTCUSDT,88152.45,0.0249,binance
2025-03-24 14:46:45.487000,BTCUSDT,88152.45,7e-05,binance
2025-03-24 14:46:45.487000,BTCUSDT,88152.45,6e-05,binance
2025-03-24 14:46:45.487000,BTCUSDT,88152.45,6e-05,binance
2025-03-24 14:46:45.487000,BTCUSDT,88152.63,7e-05,binance
2025-03-24 14:46:45.487000,BTCUSDT,88153.99,6e-05,binance
2025-03-24 14:46:45.487000,BTCUSDT,88153.99,6e-05,binance
2025-03-24 14:46:45.487000,BTCUSDT,88153.99,6e-05,binance
2025-03-24 14:46:45.487000,BTCUSDT,88154.0,0.00392,binance
2025-03-24 14:46:45.489000,BTCUSDT,88154.0,0.045,binance
2025-03-24 14:46:45.527000,BTCUSDT,88154.0,0.03578,binance
2025-03-24 14:46:45.527000,BTCUSDT,88154.0,7e-05,binance
2025-03-24 14:46:45.527000,BTCUSDT,88154.0,7e-05,binance
2025-03-24 14:46:45.527000,BTCUSDT,88154.0,7e-05,binance
2025-03-24 14:46:45.527000,BTCUSDT,88154.0,7e-05,binance
2025-03-24 14:46:45.527000,BTCUSDT,88154.0,7e-05,binance
2025-03-24 14:46:45.527000,BTCUSDT,88154.0,0.0001,binance
2025-03-24 14:46:45.527000,BTCUSDT,88154.0,7e-05,binance
2025-03-24 14:46:45.527000,BTCUSDT,88154.0,0.0001,binance
2025-03-24 14:46:45.527000,BTCUSDT,88154.0,0.0001,binance
2025-03-24 14:46:45.527000,BTCUSDT,88154.0,7e-05,binance
2025-03-24 14:46:45.527000,BTCUSDT,88154.0,7e-05,binance
2025-03-24 14:46:45.527000,BTCUSDT,88154.0,7e-05,binance
2025-03-24 14:46:45.527000,BTCUSDT,88154.0,7e-05,binance
2025-03-24 14:46:45.527000,BTCUSDT,88154.0,0.0001,binance
2025-03-24 14:46:45.527000,BTCUSDT,88154.0,0.00253,binance
2025-03-24 14:46:45.527000,BTCUSDT,88154.0,0.0001,binance
2025-03-24 14:46:45.527000,BTCUSDT,88154.0,0.0001,binance
2025-03-24 14:46:45.527000,BTCUSDT,88154.0,7e-05,binance
2025-03-24 14:46:45.527000,BTCUSDT,88154.0,6e-05,binance
2025-03-24 14:46:45.527000,BTCUSDT,88154.0,7e-05,binance
2025-03-24 14:46:45.527000,BTCUSDT,88154.0,7e-05,binance
2025-03-24 14:46:45.527000,BTCUSDT,88154.0,6e-05,binance
2025-03-24 14:46:45.527000,BTCUSDT,88154.01,0.0003,binance
2025-03-24 14:46:45.527000,BTCUSDT,88154.01,1e-05,binance
2025-03-24 14:46:45.530000,BTCUSDT,88154.01,6e-05,binance
2025-03-24 14:46:45.530000,BTCUSDT,88154.01,6e-05,binance
2025-03-24 14:46:45.530000,BTCUSDT,88154.01,6e-05,binance
2025-03-24 14:46:45.530000,BTCUSDT,88154.3,0.00244,binance
2025-03-24 14:46:45.530000,BTCUSDT,88154.3,7e-05,binance
2025-03-24 14:46:45.530000,BTCUSDT,88154.38,0.00252,binance
2025-03-24 14:46:45.530000,BTCUSDT,88154.41,7e-05,binance
2025-03-24 14:46:45.530000,BTCUSDT,88154.42,7e-05,binance
2025-03-24 14:46:45.532000,BTCUSDT,88154.67,7e-05,binance
2025-03-24 14:46:45.532000,BTCUSDT,88154.67,6e-05,binance
2025-03-24 14:46:45.532000,BTCUSDT,88154.67,6e-05,binance
2025-03-24 14:46:45.532000,BTCUSDT,88154.68,7e-05,binance
2025-03-24 14:46:45.532000,BTCUSDT,88154.95,6e-05,binance
2025-03-24 14:46:45.532000,BTCUSDT,88154.95,7e-05,binance
2025-03-24 14:46:45.532000,BTCUSDT,88155.99,7e-05,binance
2025-03-24 14:46:45.640000,BTCUSDT,88156.0,0.0847,binance
2025-03-24 14:46:45.640000,BTCUSDT,88156.0,0.0001,binance
2025-03-24 14:46:45.640000,BTCUSDT,88156.0,6e-05,binance
2025-03-24 14:46:45.640000,BTCUSDT,88156.0,0.0001,binance
2025-03-24 14:46:45.640000,BTCUSDT,88156.0,7e-05,binance
2025-03-24 14:46:45.640000,BTCUSDT,88156.0,7e-05,binance
2025-03-24 14:46:45.640000,BTCUSDT,88156.0,7e-05,binance
2025-03-24 14:46:45.640000,BTCUSDT,88156.0,7e-05,binance
2025-03-24 14:46:45.640000,BTCUSDT,88156.0,7e-05,binance
2025-03-24 14:46:45.640000,BTCUSDT,88156.0,7e-05,binance
2025-03-24 14:46:45.640000,BTCUSDT,88156.0,6e-05,binance
2025-03-24 14:46:45.640000,BTCUSDT,88156.01,0.0001,binance
2025-03-24 14:46:45.640000,BTCUSDT,88156.01,7e-05,binance
2025-03-24 14:46:45.640000,BTCUSDT,88156.01,0.00013,binance
2025-03-24 14:46:45.640000,BTCUSDT,88156.12,0.00025,binance
2025-03-24 14:46:45.640000,BTCUSDT,88156.12,0.00025,binance
2025-03-24 14:46:45.640000,BTCUSDT,88156.12,0.00025,binance
2025-03-24 14:46:45.640000,BTCUSDT,88156.12,5e-05,binance
2025-03-24 14:46:45.642000,BTCUSDT,88156.12,0.00035,binance
2025-03-24 14:46:45.642000,BTCUSDT,88156.12,7e-05,binance
2025-03-24 14:46:45.642000,BTCUSDT,88156.44,7e-05,binance
2025-03-24 14:46:45.642000,BTCUSDT,88157.16,7e-05,binance
2025-03-24 14:46:45.642000,BTCUSDT,88157.17,7e-05,binance
2025-03-24 14:46:45.642000,BTCUSDT,88157.21,0.00012,binance
2025-03-24 14:46:45.642000,BTCUSDT,88157.21,7e-05,binance
2025-03-24 14:46:45.642000,BTCUSDT,88157.6,6e-05,binance
2025-03-24 14:46:45.642000,BTCUSDT,88157.6,7e-05,binance
2025-03-24 14:46:45.642000,BTCUSDT,88157.99,6e-05,binance
2025-03-24 14:46:45.642000,BTCUSDT,88157.99,6e-05,binance
2025-03-24 14:46:45.642000,BTCUSDT,88157.99,6e-05,binance
2025-03-24 14:46:45.642000,BTCUSDT,88158.0,0.01887,binance
2025-03-24 14:46:45.846000,BTCUSDT,88158.0,0.02,binance
2025-03-24 14:46:46.180000,BTCUSDT,88157.99,7e-05,binance
2025-03-24 14:46:46.215000,BTCUSDT,88158.0,0.00113,binance
2025-03-24 14:46:46.479000,BTCUSDT,88158.0,0.0002,binance
2025-03-24 14:46:46.758000,BTCUSDT,88158.0,0.00151,binance
2025-03-24 14:46:46.827000,BTCUSDT,88158.0,0.00013,binance
2025-03-24 14:46:46.829000,BTCUSDT,88158.0,0.00013,binance
2025-03-24 14:46:47.022000,BTCUSDT,88157.99,0.48605,binance
2025-03-24 14:46:47.022000,BTCUSDT,88157.99,0.08878,binance
2025-03-24 14:46:47.022000,BTCUSDT,88157.99,0.08599,binance
2025-03-24 14:46:47.022000,BTCUSDT,88157.99,0.33918,binance
2025-03-24 14:46:47.183000,BTCUSDT,88157.99,7e-05,binance
2025-03-24 14:46:47.183000,BTCUSDT,88157.99,0.00562,binance
2025-03-24 14:46:47.188000,BTCUSDT,88157.99,0.00226,binance
2025-03-24 14:46:47.551000,BTCUSDT,88158.0,0.04273,binance
2025-03-24 14:46:47.551000,BTCUSDT,88158.0,7e-05,binance
2025-03-24 14:46:47.551000,BTCUSDT,88158.0,0.00013,binance
2025-03-24 14:46:47.551000,BTCUSDT,88158.0,6e-05,binance
2025-03-24 14:46:47.551000,BTCUSDT,88158.0,0.0644,binance
2025-03-24 14:46:47.551000,BTCUSDT,88158.0,0.01906,binance
2025-03-24 14:46:47.695000,BTCUSDT,88157.99,0.00011,binance
2025-03-24 14:46:47.703000,BTCUSDT,88157.99,0.16624,binance
2025-03-24 14:46:47.947000,BTCUSDT,88158.0,0.00296,binance
2025-03-24 14:46:48.017000,BTCUSDT,88157.99,0.0059,binance
2025-03-24 14:46:48.141000,BTCUSDT,88157.99,0.01142,binance
2025-03-24 14:46:48.190000,BTCUSDT,88158.0,0.00041,binance
2025-03-24 14:46:48.222000,BTCUSDT,88158.0,0.00129,binance
2025-03-24 14:46:48.366000,BTCUSDT,88157.99,0.00589,binance
2025-03-24 14:46:48.428000,BTCUSDT,88158.0,0.00017,binance
2025-03-24 14:46:48.702000,BTCUSDT,88158.0,0.00012,binance
2025-03-24 14:46:48.792000,BTCUSDT,88157.99,0.00135,binance
2025-03-24 14:46:48.986000,BTCUSDT,88157.99,0.00013,binance
2025-03-24 14:46:49.038000,BTCUSDT,88157.99,0.00013,binance
2025-03-24 14:46:49.405000,BTCUSDT,88157.99,0.00176,binance
2025-03-24 14:46:49.863000,BTCUSDT,88157.99,0.01923,binance
2025-03-24 14:46:50.179000,BTCUSDT,88157.99,0.05977,binance
2025-03-24 14:46:50.197000,BTCUSDT,88157.99,6e-05,binance
2025-03-24 14:46:50.404000,BTCUSDT,88158.0,0.00453,binance
2025-03-24 14:46:50.654000,BTCUSDT,88157.99,0.00172,binance
2025-03-24 14:46:50.869000,BTCUSDT,88157.99,0.00043,binance
2025-03-24 14:46:50.949000,BTCUSDT,88158.0,0.00542,binance
2025-03-24 14:46:51.249000,BTCUSDT,88157.99,0.46654,binance
2025-03-24 14:46:51.249000,BTCUSDT,88157.99,0.00013,binance
2025-03-24 14:46:51.249000,BTCUSDT,88157.99,7e-05,binance
2025-03-24 14:46:51.249000,BTCUSDT,88157.99,0.00252,binance
2025-03-24 14:46:51.249000,BTCUSDT,88157.99,0.00503,binance
2025-03-24 14:46:51.249000,BTCUSDT,88157.99,6e-05,binance
2025-03-24 14:46:51.249000,BTCUSDT,88157.99,0.00061,binance
2025-03-24 14:46:51.249000,BTCUSDT,88157.99,7e-05,binance
2025-03-24 14:46:51.249000,BTCUSDT,88157.99,7e-05,binance
2025-03-24 14:46:51.249000,BTCUSDT,88157.99,0.00567,binance
2025-03-24 14:46:51.249000,BTCUSDT,88157.99,0.02101,binance
2025-03-24 14:46:51.249000,BTCUSDT,88157.99,7e-05,binance
2025-03-24 14:46:51.249000,BTCUSDT,88157.99,0.00567,binance
2025-03-24 14:46:51.249000,BTCUSDT,88157.99,0.021,binance
2025-03-24 14:46:51.249000,BTCUSDT,88157.99,0.00091,binance
2025-03-24 14:46:51.249000,BTCUSDT,88157.99,7e-05,binance
2025-03-24 14:46:51.249000,BTCUSDT,88157.99,0.00567,binance
2025-03-24 14:46:51.249000,BTCUSDT,88157.99,0.0001,binance
2025-03-24 14:46:51.249000,BTCUSDT,88157.99,0.0001,binance
2025-03-24 14:46:51.249000,BTCUSDT,88157.99,7e-05,binance
2025-03-24 14:46:51.249000,BTCUSDT,88157.99,7e-05,binance
2025-03-24 14:46:51.249000,BTCUSDT,88157.99,0.0001,binance
2025-03-24 14:46:51.249000,BTCUSDT,88157.99,6e-05,binance
2025-03-24 14:46:51.249000,BTCUSDT,88157.98,0.00013,binance
2025-03-24 14:46:51.249000,BTCUSDT,88157.98,0.00013,binance
2025-03-24 14:46:51.249000,BTCUSDT,88157.98,0.00013,binance
2025-03-24 14:46:51.249000,BTCUSDT,88157.98,7e-05,binance
2025-03-24 14:46:51.249000,BTCUSDT,88157.87,7e-05,binance
2025-03-24 14:46:51.249000,BTCUSDT,88157.86,7e-05,binance
2025-03-24 14:46:51.249000,BTCUSDT,88157.76,7e-05,binance
2025-03-24 14:46:51.249000,BTCUSDT,88157.75,0.00251,binance
2025-03-24 14:46:51.249000,BTCUSDT,88157.75,7e-05,binance
2025-03-24 14:46:51.249000,BTCUSDT,88157.68,7e-05,binance
2025-03-24 14:46:51.249000,BTCUSDT,88157.67,7e-05,binance
2025-03-24 14:46:51.249000,BTCUSDT,88157.41,1e-05,binance
2025-03-24 14:46:51.249000,BTCUSDT,88157.41,6e-05,binance
2025-03-24 14:46:51.252000,BTCUSDT,88155.16,0.00036,binance
2025-03-24 14:46:51.252000,BTCUSDT,88154.58,0.00253,binance
2025-03-24 14:46:51.257000,BTCUSDT,88153.92,7e-05,binance
2025-03-24 14:46:51.257000,BTCUSDT,88153.92,7e-05,binance
2025-03-24 14:46:51.263000,BTCUSDT,88153.91,7e-05,binance
2025-03-24 14:46:51.263000,BTCUSDT,88153.91,7e-05,binance
2025-03-24 14:46:51.263000,BTCUSDT,88153.91,0.0001,binance
2025-03-24 14:46:51.263000,BTCUSDT,88153.91,0.0001,binance
2025-03-24 14:46:51.263000,BTCUSDT,88153.91,0.00115,binance
2025-03-24 14:46:51.263000,BTCUSDT,88153.91,0.00115,binance
2025-03-24 14:46:51.263000,BTCUSDT,88153.91,7e-05,binance
2025-03-24 14:46:51.263000,BTCUSDT,88153.91,7e-05,binance
2025-03-24 14:46:51.263000,BTCUSDT,88153.91,7e-05,binance
2025-03-24 14:46:51.263000,BTCUSDT,88153.91,7e-05,binance
2025-03-24 14:46:51.263000,BTCUSDT,88153.91,6e-05,binance
2025-03-24 14:46:51.263000,BTCUSDT,88153.91,6e-05,binance
2025-03-24 14:46:51.263000,BTCUSDT,88153.56,7e-05,binance
2025-03-24 14:46:51.263000,BTCUSDT,88152.17,7e-05,binance
2025-03-24 14:46:51.263000,BTCUSDT,88152.17,6e-05,binance
2025-03-24 14:46:51.263000,BTCUSDT,88152.17,6e-05,binance
2025-03-24 14:46:51.263000,BTCUSDT,88152.16,7e-05,binance
2025-03-24 14:46:51.263000,BTCUSDT,88152.01,7e-05,binance
2025-03-24 14:46:51.329000,BTCUSDT,88152.0,0.006,binance
2025-03-24 14:46:51.329000,BTCUSDT,88152.0,0.0001,binance
2025-03-24 14:46:51.329000,BTCUSDT,88152.0,0.0001,binance
2025-03-24 14:46:51.329000,BTCUSDT,88152.0,7e-05,binance
2025-03-24 14:46:51.329000,BTCUSDT,88152.0,7e-05,binance
2025-03-24 14:46:51.329000,BTCUSDT,88152.0,7e-05,binance
2025-03-24 14:46:51.329000,BTCUSDT,88152.0,7e-05,binance
2025-03-24 14:46:51.329000,BTCUSDT,88152.0,0.00013,binance
2025-03-24 14:46:51.329000,BTCUSDT,88152.0,6e-05,binance
2025-03-24 14:46:51.329000,BTCUSDT,88152.0,7e-05,binance
2025-03-24 14:46:51.329000,BTCUSDT,88152.0,7e-05,binance
2025-03-24 14:46:51.329000,BTCUSDT,88152.0,6e-05,binance
2025-03-24 14:46:51.329000,BTCUSDT,88151.99,0.00019,binance
2025-03-24 14:46:51.329000,BTCUSDT,88151.99,7e-05,binance
2025-03-24 14:46:51.329000,BTCUSDT,88151.99,0.00014,binance
2025-03-24 14:46:51.329000,BTCUSDT,88151.49,7e-05,binance
2025-03-24 14:46:51.329000,BTCUSDT,88151.29,7e-05,binance
2025-03-24 14:46:51.329000,BTCUSDT,88151.29,0.00023,binance
2025-03-24 14:46:51.329000,BTCUSDT,88151.29,0.00023,binance
2025-03-24 14:46:51.329000,BTCUSDT,88151.29,0.00023,binance
2025-03-24 14:46:51.329000,BTCUSDT,88151.28,7e-05,binance
2025-03-24 14:46:51.329000,BTCUSDT,88151.26,7e-05,binance
2025-03-24 14:46:51.329000,BTCUSDT,88151.25,7e-05,binance
2025-03-24 14:46:51.329000,BTCUSDT,88151.0,7e-05,binance
2025-03-24 14:46:51.329000,BTCUSDT,88150.95,6e-05,binance
2025-03-24 14:46:51.329000,BTCUSDT,88150.95,6e-05,binance
2025-03-24 14:46:51.329000,BTCUSDT,88150.95,9e-05,binance
2025-03-24 14:46:51.329000,BTCUSDT,88150.95,9e-05,binance
2025-03-24 14:46:51.329000,BTCUSDT,88150.95,6e-05,binance
2025-03-24 14:46:51.329000,BTCUSDT,88150.94,0.01266,binance
2025-03-24 14:46:51.344000,BTCUSDT,88150.95,0.0095,binance
2025-03-24 14:46:51.416000,BTCUSDT,88150.94,0.07316,binance
2025-03-24 14:46:51.416000,BTCUSDT,88150.94,7e-05,binance
2025-03-24 14:46:51.416000,BTCUSDT,88150.94,7e-05,binance
2025-03-24 14:46:51.416000,BTCUSDT,88150.94,7e-05,binance
2025-03-24 14:46:51.416000,BTCUSDT,88150.94,0.0001,binance
2025-03-24 14:46:51.416000,BTCUSDT,88150.94,0.0001,binance
2025-03-24 14:46:51.416000,BTCUSDT,88150.94,6e-05,binance
2025-03-24 14:46:51.416000,BTCUSDT,88150.94,7e-05,binance
2025-03-24 14:46:51.416000,BTCUSDT,88150.94,7e-05,binance
2025-03-24 14:46:51.416000,BTCUSDT,88150.94,7e-05,binance
2025-03-24 14:46:51.416000,BTCUSDT,88150.94,6e-05,binance
2025-03-24 14:46:51.416000,BTCUSDT,88150.93,0.00014,binance
2025-03-24 14:46:51.416000,BTCUSDT,88150.93,7e-05,binance
2025-03-24 14:46:51.416000,BTCUSDT,88150.93,0.00013,binance
2025-03-24 14:46:51.416000,BTCUSDT,88150.53,6e-05,binance
2025-03-24 14:46:51.416000,BTCUSDT,88150.53,7e-05,binance
2025-03-24 14:46:51.416000,BTCUSDT,88149.9,0.00011,binance
2025-03-24 14:46:51.416000,BTCUSDT,88149.9,0.00011,binance
2025-03-24 14:46:51.416000,BTCUSDT,88149.9,7e-05,binance
2025-03-24 14:46:51.416000,BTCUSDT,88149.71,6e-05,binance
2025-03-24 14:46:51.416000,BTCUSDT,88149.71,6e-05,binance
2025-03-24 14:46:51.416000,BTCUSDT,88149.71,7e-05,binance
2025-03-24 14:46:51.416000,BTCUSDT,88149.71,6e-05,binance
2025-03-24 14:46:51.446000,BTCUSDT,88149.71,0.00041,binance
2025-03-24 14:46:51.452000,BTCUSDT,88149.7,0.00183,binance
2025-03-24 14:46:51.508000,BTCUSDT,88149.7,0.0086,binance
2025-03-24 14:46:51.528000,BTCUSDT,88149.71,0.00148,binance
2025-03-24 14:46:51.590000,BTCUSDT,88149.7,0.0011,binance
2025-03-24 14:46:51.980000,BTCUSDT,88149.71,0.00061,binance
2025-03-24 14:46:52.027000,BTCUSDT,88149.7,0.08,binance
2025-03-24 14:46:52.027000,BTCUSDT,88149.7,0.0303,binance
2025-03-24 14:46:52.027000,BTCUSDT,88149.7,0.16,binance
2025-03-24 14:46:52.179000,BTCUSDT,88149.71,0.00066,binance
2025-03-24 14:46:52.311000,BTCUSDT,88149.7,0.00016,binance
2025-03-24 14:46:52.330000,BTCUSDT,88149.71,0.00059,binance
2025-03-24 14:46:52.781000,BTCUSDT,88149.71,0.00098,binance
2025-03-24 14:46:52.782000,BTCUSDT,88149.71,0.00091,binance
2025-03-24 14:46:52.782000,BTCUSDT,88149.71,0.00295,binance
2025-03-24 14:46:52.784000,BTCUSDT,88149.71,0.00227,binance
2025-03-24 14:46:53.061000,BTCUSDT,88149.7,0.00069,binance
2025-03-24 14:46:53.142000,BTCUSDT,88149.71,0.60945,binance
2025-03-24 14:46:53.142000,BTCUSDT,88149.71,0.08352,binance
2025-03-24 14:46:53.142000,BTCUSDT,88149.71,0.08838,binance
2025-03-24 14:46:53.142000,BTCUSDT,88149.71,0.03394,binance
2025-03-24 14:46:53.676000,BTCUSDT,88149.7,0.00015,binance
2025-03-24 14:46:53.681000,BTCUSDT,88149.7,0.00015,binance
2025-03-24 14:46:53.689000,BTCUSDT,88149.7,0.00015,binance
2025-03-24 14:46:53.689000,BTCUSDT,88149.7,0.00015,binance
2025-03-24 14:46:53.697000,BTCUSDT,88149.7,0.00015,binance
2025-03-24 14:46:53.698000,BTCUSDT,88149.7,0.00015,binance
2025-03-24 14:46:53.712000,BTCUSDT,88149.7,0.00015,binance
2025-03-24 14:46:53.715000,BTCUSDT,88149.7,0.00015,binance
2025-03-24 14:46:53.723000,BTCUSDT,88149.7,0.00015,binance
2025-03-24 14:46:53.726000,BTCUSDT,88149.7,0.00015,binance
2025-03-24 14:46:53.729000,BTCUSDT,88149.7,0.00015,binance
2025-03-24 14:46:53.733000,BTCUSDT,88149.7,0.00015,binance
2025-03-24 14:46:53.737000,BTCUSDT,88149.7,0.00015,binance
2025-03-24 14:46:53.737000,BTCUSDT,88149.7,0.00015,binance
2025-03-24 14:46:53.743000,BTCUSDT,88149.7,0.00013,binance
2025-03-24 14:46:53.754000,BTCUSDT,88149.7,0.00015,binance
2025-03-24 14:46:53.754000,BTCUSDT,88149.7,0.00015,binance
2025-03-24 14:46:53.755000,BTCUSDT,88149.7,0.00015,binance
2025-03-24 14:46:53.759000,BTCUSDT,88149.7,0.00015,binance
2025-03-24 14:46:53.761000,BTCUSDT,88149.7,0.00015,binance
2025-03-24 14:46:53.764000,BTCUSDT,88149.7,0.00015,binance
2025-03-24 14:46:53.765000,BTCUSDT,88149.7,0.00015,binance
2025-03-24 14:46:53.766000,BTCUSDT,88149.7,0.00015,binance
2025-03-24 14:46:53.766000,BTCUSDT,88149.7,0.00015,binance
2025-03-24 14:46:53.768000,BTCUSDT,88149.7,0.00015,binance
2025-03-24 14:46:53.770000,BTCUSDT,88149.7,0.00015,binance
2025-03-24 14:46:53.771000,BTCUSDT,88149.7,0.00015,binance
2025-03-24 14:46:53.774000,BTCUSDT,88149.7,0.00015,binance
2025-03-24 14:46:53.776000,BTCUSDT,88149.7,0.00015,binance
2025-03-24 14:46:53.783000,BTCUSDT,88149.7,0.00013,binance
2025-03-24 14:46:53.784000,BTCUSDT,88149.7,0.00015,binance
2025-03-24 14:46:53.786000,BTCUSDT,88149.7,0.00015,binance
2025-03-24 14:46:53.789000,BTCUSDT,88149.7,0.00015,binance
2025-03-24 14:46:53.794000,BTCUSDT,88149.7,0.00015,binance
2025-03-24 14:46:53.795000,BTCUSDT,88149.7,0.00015,binance
2025-03-24 14:46:53.801000,BTCUSDT,88149.7,0.00015,binance
2025-03-24 14:46:53.807000,BTCUSDT,88149.7,0.00015,binance
2025-03-24 14:46:53.809000,BTCUSDT,88149.7,0.00015,binance
2025-03-24 14:46:53.810000,BTCUSDT,88149.7,0.00015,binance
2025-03-24 14:46:53.812000,BTCUSDT,88149.7,0.00015,binance
2025-03-24 14:46:53.812000,BTCUSDT,88149.7,0.00015,binance
2025-03-24 14:46:53.814000,BTCUSDT,88149.7,0.00015,binance
2025-03-24 14:46:53.816000,BTCUSDT,88149.7,0.00015,binance
2025-03-24 14:46:53.816000,BTCUSDT,88149.7,0.00015,binance
2025-03-24 14:46:53.819000,BTCUSDT,88149.7,0.00013,binance
2025-03-24 14:46:53.819000,BTCUSDT,88149.7,0.00015,binance
2025-03-24 14:46:53.820000,BTCUSDT,88149.7,0.00015,binance
2025-03-24 14:46:53.829000,BTCUSDT,88149.7,0.00015,binance
2025-03-24 14:46:53.829000,BTCUSDT,88149.7,0.00015,binance
2025-03-24 14:46:53.832000,BTCUSDT,88149.7,0.00015,binance
2025-03-24 14:46:53.834000,BTCUSDT,88149.7,0.00015,binance
2025-03-24 14:46:53.836000,BTCUSDT,88149.7,0.00015,binance
2025-03-24 14:46:53.841000,BTCUSDT,88149.7,0.00015,binance
2025-03-24 14:46:53.844000,BTCUSDT,88149.7,0.00015,binance
2025-03-24 14:46:53.847000,BTCUSDT,88149.7,0.00015,binance
2025-03-24 14:46:53.847000,BTCUSDT,88149.7,0.00015,binance
2025-03-24 14:46:53.847000,BTCUSDT,88149.7,0.00015,binance
2025-03-24 14:46:53.851000,BTCUSDT,88149.7,0.00015,binance
2025-03-24 14:46:53.852000,BTCUSDT,88149.7,0.00015,binance
2025-03-24 14:46:53.856000,BTCUSDT,88149.7,0.00015,binance
2025-03-24 14:46:53.856000,BTCUSDT,88149.7,0.00015,binance
2025-03-24 14:46:53.857000,BTCUSDT,88149.7,0.00015,binance
2025-03-24 14:46:53.860000,BTCUSDT,88149.7,0.00015,binance
2025-03-24 14:46:53.861000,BTCUSDT,88149.7,0.00013,binance
2025-03-24 14:46:53.861000,BTCUSDT,88149.7,0.00015,binance
2025-03-24 14:46:53.865000,BTCUSDT,88149.7,0.00015,binance
2025-03-24 14:46:53.867000,BTCUSDT,88149.7,0.00015,binance
2025-03-24 14:46:53.869000,BTCUSDT,88149.7,0.00015,binance
2025-03-24 14:46:53.871000,BTCUSDT,88149.7,0.00015,binance
2025-03-24 14:46:53.873000,BTCUSDT,88149.7,0.00015,binance
2025-03-24 14:46:53.876000,BTCUSDT,88149.7,0.00015,binance
2025-03-24 14:46:53.881000,BTCUSDT,88149.71,0.00099,binance
2025-03-24 14:46:53.885000,BTCUSDT,88149.7,0.00015,binance
2025-03-24 14:46:53.885000,BTCUSDT,88149.7,0.00015,binance
2025-03-24 14:46:53.887000,BTCUSDT,88149.7,0.00015,binance
2025-03-24 14:46:53.887000,BTCUSDT,88149.7,0.00015,binance
2025-03-24 14:46:53.888000,BTCUSDT,88149.7,0.00015,binance
2025-03-24 14:46:53.892000,BTCUSDT,88149.7,0.00015,binance
2025-03-24 14:46:53.892000,BTCUSDT,88149.7,0.00015,binance
2025-03-24 14:46:53.895000,BTCUSDT,88149.7,0.00015,binance
2025-03-24 14:46:53.897000,BTCUSDT,88149.7,0.00015,binance
2025-03-24 14:46:53.900000,BTCUSDT,88149.7,0.00015,binance
2025-03-24 14:46:53.902000,BTCUSDT,88149.7,0.00015,binance
2025-03-24 14:46:53.903000,BTCUSDT,88149.7,0.00013,binance
2025-03-24 14:46:53.903000,BTCUSDT,88149.7,0.00015,binance
2025-03-24 14:46:53.908000,BTCUSDT,88149.7,0.00015,binance
2025-03-24 14:46:53.910000,BTCUSDT,88149.7,0.00015,binance
2025-03-24 14:46:53.913000,BTCUSDT,88149.7,0.00015,binance
2025-03-24 14:46:53.914000,BTCUSDT,88149.7,0.00015,binance
2025-03-24 14:46:53.916000,BTCUSDT,88149.7,0.13908,binance
2025-03-24 14:46:53.923000,BTCUSDT,88149.7,0.00015,binance
2025-03-24 14:46:53.924000,BTCUSDT,88149.7,0.00015,binance
2025-03-24 14:46:53.924000,BTCUSDT,88149.7,0.00015,binance
2025-03-24 14:46:53.925000,BTCUSDT,88149.7,0.00015,binance
2025-03-24 14:46:53.926000,BTCUSDT,88149.7,0.00015,binance
2025-03-24 14:46:53.926000,BTCUSDT,88149.7,0.00015,binance
2025-03-24 14:46:53.929000,BTCUSDT,88149.7,0.00015,binance
2025-03-24 14:46:53.929000,BTCUSDT,88149.7,0.00015,binance
2025-03-24 14:46:53.935000,BTCUSDT,88149.7,0.00015,binance
2025-03-24 14:46:53.937000,BTCUSDT,88149.7,0.00015,binance
2025-03-24 14:46:53.938000,BTCUSDT,88149.7,0.00015,binance
2025-03-24 14:46:53.942000,BTCUSDT,88149.7,0.00015,binance
2025-03-24 14:46:53.943000,BTCUSDT,88149.7,0.00013,binance
2025-03-24 14:46:53.945000,BTCUSDT,88149.7,0.00015,binance
2025-03-24 14:46:53.949000,BTCUSDT,88149.7,0.00015,binance
2025-03-24 14:46:53.950000,BTCUSDT,88149.7,0.00015,binance
2025-03-24 14:46:53.960000,BTCUSDT,88149.7,0.00015,binance
2025-03-24 14:46:53.961000,BTCUSDT,88149.7,0.00015,binance
2025-03-24 14:46:53.962000,BTCUSDT,88149.7,0.00015,binance
2025-03-24 14:46:53.962000,BTCUSDT,88149.7,0.00015,binance
2025-03-24 14:46:53.963000,BTCUSDT,88149.7,0.00015,binance
2025-03-24 14:46:53.966000,BTCUSDT,88149.7,0.00015,binance
2025-03-24 14:46:53.966000,BTCUSDT,88149.7,0.00015,binance
2025-03-24 14:46:53.971000,BTCUSDT,88149.7,0.00015,binance
2025-03-24 14:46:53.972000,BTCUSDT,88149.7,0.00015,binance
2025-03-24 14:46:53.972000,BTCUSDT,88149.7,0.00015,binance
2025-03-24 14:46:53.974000,BTCUSDT,88149.7,0.00015,binance
2025-03-24 14:46:53.978000,BTCUSDT,88149.7,0.00015,binance
2025-03-24 14:46:53.980000,BTCUSDT,88149.7,0.00015,binance
2025-03-24 14:46:53.983000,BTCUSDT,88149.7,0.00015,binance
2025-03-24 14:46:53.984000,BTCUSDT,88149.7,0.00013,binance
